14495655,Sofia Bonfiglio
14224671,Ashlee Capellan
14707100,Dona Mcinnes
14644633,Maricela Landreneau
14147356,Elinor Raco
14393910,Cody Mcmartin
14799737,Katy Vacek
14431660,Mathew Mercedes
14541837,Karina Rossin
14593654,Mathew Milian
14492026,Christian Mullarkey
14397374,Esmeralda Radovich
14824429,Nelson Tooker
14929292,Neil Brabant
14786148,Clinton Blumer
14973358,Julio Degroat
14557200,Elinor Greig
14472268,Malinda Dodgen
14359796,Mathew Eslick
14770506,Christian Durall
14354152,Max Plain
14338567,Earnestine Croswell
14277290,Clayton Ricard
14476919,Ted Tallmadge
14032266,Kelly Cheatam
14094113,Jessie Leandro
14490422,Guy Kadel
14650254,Althea Warring
14355490,Tania Mogensen
14478629,Ted Makuch
14827960,Katy Callier
14607868,Jamie Seager
14080040,Guy Loredo
14286103,Dollie Dignan
14030930,Jessie Mayville
14973623,Christian Busbee
14158835,Jamie Shake
14129722,Edwina Esters
14207712,Harriett Zollinger
14151577,Nannie Mcgown
14848322,Dollie Dodrill
14578980,Kenya Seidman
14376057,Darren Southwood
14470284,Loraine Kimberly
14871167,Carmella Rondon
14946549,Selena Hoose
14266401,Fernando Mccardell
14535046,Lenore Decola
14894734,Lance Buono
14396821,Elnora Aberle
14389585,Nelson Valderrama
14322126,Gay Ascencio
14807822,Carmella Calandra
14831903,Emilia Ruddell
14332889,Carmella Sheffey
14517817,Guy Snipe
14689874,Darryl Triche
14460767,Katy Tressler
14406596,Jessie Dosch
14386030,Rae Furby
14415969,Christian Klemm
14442184,Pearlie Bernat
14900369,Sofia Parente
14737772,Javier Kratochvil
14866391,Clinton Fehrenbach
14033833,Chandra Trowell
14489267,Lance Goodpaster
14304433,Amie Delcambre
14043005,Harriett Curatolo
14566657,Edwina Fedor
14354279,Guy Vanalstyne
14585058,Sofia Kelling
14068001,Jamie Upson
14052132,Max Levario
14203027,Allie Ulland
14141881,Javier Swint
14620568,Kathrine Lainez
14809440,Ted Enlow
14724624,Dollie Westbury
14739612,Tyrone Sturman
14941285,Earnestine Maddock
14566983,Hillary Jun
14554972,Tyrone Seevers
14588845,Darren Hadaway
14259628,Cody Russom
14013965,Hillary Tall
14360212,Jerri Mayr
14853316,Sharron Cournoyer
14628872,Melisa Mckeel
14359807,Tabatha Walworth
14872168,Max Madamba
14768484,Guy Fagundes
14488384,Erik Deady
14633584,Pearlie Storie
14638875,Clayton Salls
14601152,Max Heffelfinger
14127847,Penelope Gayman
14801256,Liza Guyette
14341704,Christian Verde
14082998,Tanisha Coppin
14337161,Carmella Vanwagenen
14470787,Marylou Macdowell
14814846,Fernando Regina
14818568,Margery Erving
14372440,Noemi Marcucci
14948354,Louisa Morreale
14995816,Annabelle Hilson
14119980,Sofia Debolt
14539190,Saundra Gow
14598144,Cody Basta
14586406,Javier Mungia
14308442,Charles Babich
14424525,Javier Richins
14471900,Tyrone Campanelli
14745423,Loraine Hymer
14007834,Nita Sandor
14149048,Loraine Montford
14014366,Erik Cadiz
14303361,Darryl Treloar
14520070,Odessa Joynes
14814542,Guy Cullinan
14826258,Max Dimond
14886981,Clinton Velardo
14251013,Marylou Weingart
14408916,Kurt Porche
14174333,Kelly Avans
14338932,Javier Crichton
14857567,Maricela Dizon
14381526,Jamie Klump
14177569,Hugh Shew
14119826,Liza Borchers
14020526,Ted Yetman
14792654,Loraine Bake
14866901,Tanisha Gamino
14050060,Emilia Erikson
14852484,Gay Schlicher
14452041,Allan Hornbuckle
14703550,Allyson Yocom
14777117,Julio Rickards
14274398,Nelson Pon
14070543,Jamie Sing
14011335,Esmeralda Hopton
14528677,Roxie Underdahl
14350128,Selena Lenart
14813572,Darcy Butkovich
14301450,Lilia Mister
14752762,Louisa Cianciolo
14084797,Kurt Gayler
14007241,Nelson Weldy
14324296,Pearlie Willams
14126599,Lance Rein
14535650,Kathrine Farrel
14832646,Sofia Cambridge
14629783,Earnestine Simo
14314285,Kurt Kluth
14806346,Lonnie Kitzmiller
14337427,Tyrone Letchworth
14077167,Nannie Ottesen
14073015,Lance Sandell
14290115,Nannie Roehrig
14427922,Kurt Prowse
14836487,Erik Weinman
14346031,Javier Verdi
14581139,Kurt Bridgett
14576106,Elinor Buff
14146396,Earlene Mcelvain
14970225,Alana Kube
14786625,Fernando Sobers
14657678,Kelly Silliman
14266749,Zelma Mcclay
14953543,Ted Gantz
14961066,Kelly Smail
14837347,Tameka Newbury
14793417,Tania Agbayani
14361746,Javier Hausman
14914741,Chandra Isenhour
14877848,Pearlie Schack
14556149,Darren Pedrosa
14147180,Clinton Chacko
14668230,Guy Winders
14895071,Noreen Smyre
14701649,Nelson Guitierrez
14103000,Jessie Landen
14769743,Neil Hunton
14859462,Tyrone Petrey
14986413,Jamie Tricarico
14773251,Jessie Reta
14307817,Roslyn Monsivais
14285036,Guy Pressler
14553056,Darren Suchan
14776109,Noemi Widrick
14377698,Melisa Stilts
14581696,Javier Oldenkamp
14043792,Liza Mcquillan
14295590,Christian Mottola
14200072,Earlene Pilson
14117118,Mathew Esperanza
14429201,Julio Watley
14399064,Melisa Mccoin
14419973,Rae Lesh
14769762,Julio Naccarato
14039577,Tania Silvernail
14893662,Julio Dunkel
14869362,Avis Dejong
14211532,Nelson Coltrane
14667170,Edwina Hohn
14490941,Alejandra Cumberland
14746257,Kelly Hilchey
14199867,Allyson Stecker
14106958,Hugh Hardegree
14642035,Mathew Uresti
14637741,Zelma Vallier
14467195,Neil Nemetz
14530834,Lonnie Scheffel
14528836,Kurt Roehl
14912721,Darren Cotta
14048608,Darryl Vallarta
14587916,Noemi Vancamp
14133057,Clinton Escalona
14966211,Clayton Rieder
14372861,Jessie Treiber
14076899,Kenya Lauria
14436896,Darryl Allsop
14969848,Harriett Loveall
14088223,Lilia Rojero
14650608,Tyrone Ottman
14829180,Liza Pippen
14588178,Nelson Weyer
14705748,Fernando Cedano
14364017,Sofia Mcinturff
14225121,Kurt Gettings
14123137,Selena Toone
14535489,Erik Imel
14248926,Javier Weatherwax
14909539,Jessie Hanshaw
14789191,Jamie Pucci
14859785,Kurt Kauppi
14157132,Lorrie Mungo
14409312,Jamie Hahne
14065601,Darren Blau
14477980,Noreen Durfey
14455335,Mathew Lizarraga
14061072,Jessie Shirkey
14997565,Harriett Dumond
14293589,Tyrone Wickstrom
14545571,Lance Newhard
14264031,Harriett Mcnaughton
14262879,Jessie Efaw
14948406,Roslyn Forshey
14502156,Erik Calvi
14884592,Guy Fear
14793958,Gay Raisor
14670795,Lakisha Izquierdo
14088404,Milagros Harbuck
14424588,Margery Beadle
14093440,Tia Chatterton
14888086,Mathew Adkison
14099596,Pearlie Granata
14345859,Lenore Rufener
14897369,Tyrone Mondor
14272045,Julio Netherton
14969647,Tameka Slusser
14116558,Jerri Meares
14923216,Neil Sudler
14113585,Clinton Badilla
14731663,Tia Ramthun
14872952,Jessie Armand
14474735,Guy Molino
14584279,Jamie Caryl
14418036,Julio Kerbs
14742551,Clayton Yaeger
14803363,Roxie Broady
14037990,Guy Gonsoulin
14308866,Karina Facemire
14583940,Alana Wallander
14090154,Kelly Satter
14618316,Tyrone Awong
14693099,Elnora Coppedge
14138567,Maricela Godard
14080414,Clinton Sluder
14954445,Eve Stice
14819978,Alana Glade
14218643,Roslyn Philipp
14506466,Lonnie Dedrick
14216409,Hugh Newbrough
14560887,Lonnie Neveu
14684099,Carlene Buechner
14752444,Julianne Cressman
14959563,Alejandra Tweedie
14081176,Max Kirkendall
14445207,Neil Rosenbeck
14592217,Drew Leibee
14377722,Suzanna Koepnick
14818436,Verla Pali
14066961,Sabina Corsaut
14833718,Theda Hierro
14154332,Dewey Vashaw
14909396,Gustavo Theall
14387873,Vikki Vailes
14516524,Sabina Mcmikle
14994573,Wilfred Pervis
14912381,Ellis Stgermaine
14707940,Dewey Kaltenbach
14893291,Tena Glassford
14219241,Gustavo Lumb
14377561,Ervin Gleich
14239748,Belen Sheerin
14780081,Floy Fruits
14387180,Tena Schwimmer
14710239,Tyra Rhew
14464108,Marlyn Michalowski
14217911,Lionel Omarah
14317605,Roma Roskelley
14408045,Kristopher Goerlitz
14624139,Al Bracamontes
14877581,Kyla Hillin
14929949,Roma Peifer
14237623,Hugo Cocker
14904308,Laurence Raymundo
14416688,Ellis Massari
14506749,Gilberto Branscom
14991121,Dewey Swickard
14007049,Josh Lofties
14441115,Gustavo Sysak
14399350,Nereida Viscardi
14224817,Sharonda Remsberg
14137596,Dorcas Lachner
14545403,Hugo Vogelgesang
14615410,Clint Tsuchiya
14152316,Hugo Schrenk
14106896,Belen Floor
14041478,Wilfred Mourning
14568398,Mariam Flight
14450579,Shantel Vagott
14345275,Ariana Mongelli
14154975,Dewey Gaulding
14223849,Shantel Zevallos
14633641,Jesica Cammon
14204365,Stephany Billiott
14275247,Asia Gucman
14416793,Al Suggitt
14535348,Josh Morganfield
14861582,Raven Dalgleish
14811228,Dorcas Abbitt
14277346,Twyla Knoerzer
14030706,Orville Gillaspie
14773802,Drew Rockefeller
14721754,Asia Gotchy
14552521,Debrah Venancio
14515626,Polly Riser
14172527,Herman Loman
14602739,Pedro Weinberger
14714683,Jolene Kear
14116688,Cherie Burkes
14202033,Lester Stackpole
14380776,Herman Latch
14811308,Lester Welles
14063076,Christa Monsour
14678946,Clyde Vosburgh
14136884,Maurice Carlsen
14548033,Gabriela Keaney
14444576,Brent Marciano
14394701,Elise Fey
14565066,Rick Brathwaite
14725785,Zachary Shick
14149881,Dean Buchanon
14194449,Dan Varano
14898804,Herman Appling
14366605,Cecile Lafontaine
14638124,Kelsey Levey
14227656,Daphne Renz
14024842,Debora Bolles
14180394,Brent Bovee
14860064,Ingrid Mutter
14899795,Shane Rickel
14099858,Vernon Moultrie
14919182,Elva Mustafa
14502335,Tim Gulino
14642077,Brent Tallent
14048094,Greg Mckillop
14546267,Zachary Meng
14098002,Dena Staff
14690502,Clyde Baran
14629183,Brent Phillippe
14421145,Glenna Meaney
14272291,Maribel Earnest
14377204,Corey Sloat
14733820,Dean Cambridge
14059651,Zachary Carruthers
14039634,Jillian Mcdougle
14461448,Shane Flury
14092658,Elva Kugler
14206500,Dan Cola
14248815,Caitlin Mcnaught
14821219,Alta Sharber
14398315,Wesley Newquist
14063806,Pedro Augustin
14848469,Dustin Gadsden
14026586,Dustin Riehl
14313105,Wesley Harm
14212730,Candy Henn
14437492,Roberto Routon
14822795,Dena Standard
14885345,Paige Lovitt
14180102,Cherie Mcguckin
14989807,Wesley Farrel
14109509,Gordon Bross
14699865,Jocelyn Gettinger
14582078,Herman Bussard
14796624,Gordon Vidrio
14851478,Dina Sack
14577558,Rick Monday
14406329,Consuelo Tworek
14769279,Polly Grow
14297873,Dena Mccarroll
14625658,Dan Olmeda
14802197,Carolina Hamid
14586803,Greg Mcfarren
14201851,Paige Hermansen
14586704,Herman Malinowski
14233958,Alta Oxford
14908057,Pedro Dash
14240927,Dan Ulm
14359435,Jolene Hodgdon
14224117,Latonya Norby
14267461,Ingrid Devaul
14944450,Jocelyn Lynde
14656338,Ester Janis
14107623,Corinne Kocsis
14173006,Susana Letcher
14302008,Maurice Briant
14227560,Esperanza Basnett
14081407,Tim Daggett
14712430,Vernon Sermons
14983445,Maurice Rowden
14624232,Lester Kealey
14789083,Ricardo Penna
14799851,Zachary Falgoust
14551461,Candy Mcvicker
14109497,Ricardo Maselli
14582082,Keisha Ragusa
14842451,Therese Ellerbe
14923061,Tamika Laber
14593403,Eugenia Cayton
14018865,Ursula Rasnake
14485601,Petra Santoyo
14297164,Glen Zertuche
14659003,Corey Devane
14280317,Brent Curtsinger
14199990,Christa Pflug
14314995,Trudy Shadrick
14777068,Hector Jerman
14795157,Shane Kreiner
14448139,Dean Bergey
14383303,Jorge Madry
14631930,Lester Maya
14391407,Derrick Kittleson
14217546,Hector Kravitz
14730979,Pedro Sebring
14158742,Maurice Bushard
14219405,Derrick Luper
14991630,Bette Zeman
14011912,Christa Arvizo
14197867,Dean Harvill
14462158,Shanna Elsea
14060382,Maurice Stilwell
14226829,Dorothea Ruckman
14899869,Caitlin Pannone
14825406,Ricardo Cruzado
14527168,Dan Lain
14531176,Herman Harnish
14887107,Dan Peranio
14703927,Samuel Ha
14478542,Alan Nino
14970684,Hannah Spiegel
14296508,Vickie Dorsett
14211466,Claire Britton
14015550,Brandon Saari
14930442,Alma Simoneaux
14077770,Stephen Delrosario
14988323,Inez Yee
14535933,George Blow
14605402,Madeline Shreve
14864811,Ruth Gumm
14523960,Velma Burnett
14026926,Cathy Batty
14651596,Eileen Schubert
14531794,Juan Pink
14960672,Wendy Seda
14966860,Vincent Beckett
14745222,Sonia Kitts
14038655,Tony Brenneman
14846876,Emma Calkins
14377511,Kimberly Aucoin
14746256,Nicholas Arrowood
14189332,Allen Spinner
14637666,Stanley Lau
14731377,Edward Kozak
14064689,Danielle Gorham
14518434,Frank Vandyke
14748270,Tamara Lafountain
14971734,Jeffery Nyberg
14606166,Jason Dull
14364390,Dolores Kocher
14889925,Eugene Manis
14161717,Jeff Everson
14432350,Erika Pike
14317252,Amy Boren
14945050,Scott Beckwith
14547267,Henry Mckenna
14918950,Adam Ybarra
14215036,Joe Weitzel
14082904,Edward Jeffries
14410044,Lynne Monson
